"name","category","description","website","status","updatedAt"
"Grok","AI Assistant","xAI\'s conversational AI with real-time X data and witty responses.","https://lookforit.xyz/tools/grok.html","verified-existing","2026-03-15"
"Google Gemini","AI Assistant","Google\'s flagship multimodal AI integrated with Search and Workspace.","https://lookforit.xyz/tools/google-gemini.html","verified-existing","2026-03-15"
"Leonardo AI","AI Image","AI image generation for concept art, game assets, and product imagery.","https://lookforit.xyz/tools/leonardo-ai.html","verified-existing","2026-03-15"
"ChatGPT","AI Assistant","Conversational AI for drafting, Q&A, coding help, and more.","https://lookforit.xyz/tools/chatgpt.html","verified-existing","2026-03-15"
"Claude","AI Assistant","AI assistant for analysis, writing, reasoning, and coding help.","https://lookforit.xyz/tools/claude.html","verified-existing","2026-03-15"
"Midjourney","AI Image","Text-to-image generation with high-quality artistic outputs.","https://lookforit.xyz/tools/midjourney.html","verified-existing","2026-03-15"
"DALL-E","AI Image","OpenAI\'s text-to-image generator for creative visuals and edits.","https://lookforit.xyz/tools/dall-e.html","verified-existing","2026-03-15"
"Stable Diffusion","AI Image","Open-source text-to-image model for flexible, local, and hosted use.","https://lookforit.xyz/tools/stable-diffusion.html","verified-existing","2026-03-15"
"Perplexity","AI Assistant","Answer-focused AI search engine with cited sources.","https://lookforit.xyz/tools/perplexity.html","verified-existing","2026-03-15"
"GitHub Copilot","AI Code","AI pair programmer for code completion and suggestions.","https://lookforit.xyz/tools/github-copilot.html","verified-existing","2026-03-15"
"Replit Ghostwriter","AI Code","AI coding assistant built into Replit for faster development.","https://lookforit.xyz/tools/replit-ghostwriter.html","verified-existing","2026-03-15"
"Notion AI","AI Productivity","Embedded AI in Notion for writing, summarizing, and tasking.","https://lookforit.xyz/tools/notion-ai.html","verified-existing","2026-03-15"
"Jasper","AI Writing","AI writing assistant for marketing copy and content creation.","https://lookforit.xyz/tools/jasper.html","verified-existing","2026-03-15"
"Canva AI","AI Image","AI-powered design tools including Magic Design and text-to-image.","https://lookforit.xyz/tools/canva-ai.html","verified-existing","2026-03-15"
"Runway","AI Video","AI video and image tools, including text-to-video and inpainting.","https://lookforit.xyz/tools/runway.html","verified-existing","2026-03-15"
"Descript","AI Video","Audio/video editing with AI transcription, overdub, and cleanup.","https://lookforit.xyz/tools/descript.html","verified-existing","2026-03-15"
"ElevenLabs","AI Voice","High-quality AI voice synthesis and cloning.","https://lookforit.xyz/tools/elevenlabs.html","verified-existing","2026-03-15"
"Synthesia","AI Video","AI-generated presenter videos from text scripts.","https://lookforit.xyz/tools/synthesia.html","verified-existing","2026-03-15"
"Llama 3","AI Assistant","Open large language model series for chat and reasoning tasks.","https://lookforit.xyz/tools/llama-3.html","verified-existing","2026-03-15"
"Gemini","AI Assistant","Google\'s multimodal AI for text, vision, and code assistance.","https://lookforit.xyz/tools/gemini.html","verified-existing","2026-03-15"
"Mistral AI","AI Assistant","Open and efficient language models for chat and coding.","https://lookforit.xyz/tools/mistral-ai.html","verified-existing","2026-03-15"
"Hugging Face","AI Assistant","Hub for models, datasets, and Spaces to build and deploy AI.","https://lookforit.xyz/tools/hugging-face.html","verified-existing","2026-03-15"
"LangChain","AI Code","Framework for building LLM-powered apps with chaining and tooling.","https://lookforit.xyz/tools/langchain.html","verified-existing","2026-03-15"
"Zapier AI","AI Automation","Automate workflows with AI steps and natural language triggers.","https://lookforit.xyz/tools/zapier-ai.html","verified-existing","2026-03-15"
"Make.com","AI Automation","No-code automation with AI modules for data enrichment.","https://lookforit.xyz/tools/make-com.html","verified-existing","2026-03-15"
"Airtable AI","AI Productivity","AI-assisted bases for classification, summarization, and text ops.","https://lookforit.xyz/tools/airtable-ai.html","verified-existing","2026-03-15"
"Coda AI","AI Productivity","AI in documents for summaries, tables, and automations.","https://lookforit.xyz/tools/coda-ai.html","verified-existing","2026-03-15"
"Fireflies.ai","AI Productivity","AI meeting assistant for transcription and action items.","https://lookforit.xyz/tools/fireflies-ai.html","verified-existing","2026-03-15"
"Otter.ai","AI Productivity","Meeting transcription and summaries with collaboration.","https://lookforit.xyz/tools/otter-ai.html","verified-existing","2026-03-15"
"Grammarly","AI Writing","Writing assistant for grammar, tone, and clarity.","https://lookforit.xyz/tools/grammarly.html","verified-existing","2026-03-15"
"QuillBot","AI Writing","Paraphrasing and grammar tool with AI rewriting.","https://lookforit.xyz/tools/quillbot.html","verified-existing","2026-03-15"
"Copy.ai","AI Writing","AI copywriting for marketing content and campaigns.","https://lookforit.xyz/tools/copy-ai.html","verified-existing","2026-03-15"
"Writesonic","AI Writing","AI writer for blogs, ads, and product descriptions.","https://lookforit.xyz/tools/writesonic.html","verified-existing","2026-03-15"
"Wordtune","AI Writing","AI rewriting and tone adjustment for clearer text.","https://lookforit.xyz/tools/wordtune.html","verified-existing","2026-03-15"
"Tome","AI Productivity","AI-native presentation and storytelling tool.","https://lookforit.xyz/tools/tome.html","verified-existing","2026-03-15"
"SlidesAI","AI Productivity","Generate slide decks from text using AI.","https://lookforit.xyz/tools/slidesai.html","verified-existing","2026-03-15"
"Gamma","AI Productivity","AI docs and slides with modern layouts.","https://lookforit.xyz/tools/gamma.html","verified-existing","2026-03-15"
"Framer AI","AI Image","Generate web pages and layouts with AI in Framer.","https://lookforit.xyz/tools/framer-ai.html","verified-existing","2026-03-15"
"Figma AI","AI Image","Figma assistants for design automation and asset generation.","https://lookforit.xyz/tools/figma-ai.html","verified-existing","2026-03-15"
"Remove.bg","AI Image","AI background removal for images.","https://lookforit.xyz/tools/remove-bg.html","verified-existing","2026-03-15"
"Cleanup.pictures","AI Image","AI object removal and cleanup for photos.","https://lookforit.xyz/tools/cleanup-pictures.html","verified-existing","2026-03-15"
"RunPod","AI Assistant","On-demand GPU cloud for AI workloads.","https://lookforit.xyz/tools/runpod.html","verified-existing","2026-03-15"
"Replicate","AI Assistant","Host and run machine learning models via API.","https://lookforit.xyz/tools/replicate.html","verified-existing","2026-03-15"
"Modal","AI Assistant","Serverless GPU/CPU for ML inference and workflows.","https://lookforit.xyz/tools/modal.html","verified-existing","2026-03-15"
"Cerebras","AI Assistant","AI compute platform with wafer-scale engines.","https://lookforit.xyz/tools/cerebras.html","verified-existing","2026-03-15"
"AWS Bedrock","AI Assistant","Managed foundation model APIs on AWS.","https://lookforit.xyz/tools/aws-bedrock.html","verified-existing","2026-03-15"
"Azure OpenAI Service","AI Assistant","OpenAI models hosted on Azure with enterprise controls.","https://lookforit.xyz/tools/azure-openai.html","verified-existing","2026-03-15"
"Vertex AI","AI Assistant","Google Cloud\'s platform for training and deploying AI models.","https://lookforit.xyz/tools/vertex-ai.html","verified-existing","2026-03-15"
"Pinecone","AI Assistant","Managed vector database for similarity search.","https://lookforit.xyz/tools/pinecone.html","verified-existing","2026-03-15"
"Weaviate","AI Assistant","Open-source vector database with hybrid search.","https://lookforit.xyz/tools/weaviate.html","verified-existing","2026-03-15"
"Chroma","AI Assistant","Open-source embeddings database for AI apps.","https://lookforit.xyz/tools/chroma.html","verified-existing","2026-03-15"
"Milvus","AI Assistant","Vector database for scalable similarity search.","https://lookforit.xyz/tools/milvus.html","verified-existing","2026-03-15"
"Supabase Vector","AI Assistant","Postgres with vector support for AI search.","https://lookforit.xyz/tools/supabase-vector.html","verified-existing","2026-03-15"
"Qdrant","AI Assistant","Open-source vector database optimized for filtering.","https://lookforit.xyz/tools/qdrant.html","verified-existing","2026-03-15"
"Zilliz","AI Assistant","Managed Milvus service for vector search.","https://lookforit.xyz/tools/zilliz.html","verified-existing","2026-03-15"
"OctoAI","AI Assistant","Inference and model-serving platform for generative AI.","https://lookforit.xyz/tools/octoai.html","verified-existing","2026-03-15"
"Anyscale","AI Assistant","Ray-based platform for scalable AI workloads.","https://lookforit.xyz/tools/anyscale.html","verified-existing","2026-03-15"
"Weights & Biases","AI Assistant","Experiment tracking and MLOps platform.","https://lookforit.xyz/tools/weights-and-biases.html","verified-existing","2026-03-15"
"Comet ML","AI Assistant","Experiment management and model monitoring.","https://lookforit.xyz/tools/comet-ml.html","verified-existing","2026-03-15"
"Neptune.ai","AI Assistant","Metadata store for MLOps and experiment tracking.","https://lookforit.xyz/tools/neptune-ai.html","verified-existing","2026-03-15"
"Label Studio","AI Assistant","Open-source data labeling for vision, NLP, and audio.","https://lookforit.xyz/tools/label-studio.html","verified-existing","2026-03-15"
"Scale AI","AI Assistant","Data labeling and synthetic data for AI pipelines.","https://lookforit.xyz/tools/scale-ai.html","verified-existing","2026-03-15"
"Snorkel","AI Assistant","Programmatic data labeling and weak supervision.","https://lookforit.xyz/tools/snorkel.html","verified-existing","2026-03-15"
"Upstage Solar LLM","AI Assistant","Enterprise-grade Korean/English LLMs and APIs.","https://lookforit.xyz/tools/upstage-solar.html","verified-existing","2026-03-15"
"Writer","AI Writing","Enterprise AI writing platform with guardrails and style guides.","https://lookforit.xyz/tools/writer.html","verified-existing","2026-03-15"
"HeyGen","AI Video","AI avatar and video generation for presenters.","https://lookforit.xyz/tools/heygen.html","verified-existing","2026-03-15"
"Pika Labs","AI Video","AI text-to-video and video editing platform.","https://lookforit.xyz/tools/pika-labs.html","verified-existing","2026-03-15"
"EleutherAI GPT-NeoX","AI Assistant","Open-source GPT-NeoX language model family.","https://lookforit.xyz/tools/gpt-neox.html","verified-existing","2026-03-15"
"Anthropic API","AI Assistant","API access to Claude models for text and function calling.","https://lookforit.xyz/tools/anthropic-api.html","verified-existing","2026-03-15"
"OpenAI API","AI Assistant","API access to GPT, embeddings, vision, and tooling.","https://lookforit.xyz/tools/openai-api.html","verified-existing","2026-03-15"
"LMSYS Chatbot Arena","AI Assistant","Leaderboard and evaluation arena for LLM comparisons.","https://lookforit.xyz/tools/lmsys-arena.html","verified-existing","2026-03-15"
"Eval Harness (HELM)","AI Assistant","HELM evaluation framework for language models.","https://lookforit.xyz/tools/helm.html","verified-existing","2026-03-15"
"LangSmith","AI Assistant","Observability and tracing for LLM applications.","https://lookforit.xyz/tools/langsmith.html","verified-existing","2026-03-15"
"PromptLayer","AI Assistant","Prompt management and logging for LLM calls.","https://lookforit.xyz/tools/promptlayer.html","verified-existing","2026-03-15"
"Humanloop","AI Assistant","Human feedback, evaluation, and prompt management platform.","https://lookforit.xyz/tools/humanloop.html","verified-existing","2026-03-15"
"Cursor","AI Code","AI-first code editor with multi-file context and smart refactoring.","https://lookforit.xyz/tools/cursor.html","verified-existing","2026-03-15"
"Windsurf","AI Code","AI coding workspace by Codeium for fast generation and iteration.","https://lookforit.xyz/tools/windsurf.html","verified-existing","2026-03-15"
"Codeium","AI Code","Free AI coding assistant with autocomplete and chat for developers.","https://lookforit.xyz/tools/codeium.html","verified-existing","2026-03-15"
"Tabnine","AI Code","AI assistant focused on private, enterprise-grade code completion.","https://lookforit.xyz/tools/tabnine.html","verified-existing","2026-03-15"
"Phind","AI Assistant","Developer-focused AI search for coding solutions and explanations.","https://lookforit.xyz/tools/phind.html","verified-existing","2026-03-15"
"Together AI","AI Assistant","Cloud platform to run and fine-tune open-source AI models at scale.","https://lookforit.xyz/tools/together-ai.html","verified-existing","2026-03-15"
"Cohere","AI Assistant","Enterprise language models for chat, search, and retrieval tasks.","https://lookforit.xyz/tools/cohere.html","verified-existing","2026-03-15"
"AI21 Labs","AI Assistant","Language models and tools for content generation and reasoning tasks.","https://lookforit.xyz/tools/ai21.html","verified-existing","2026-03-15"
"DeepSeek","AI Assistant","Reasoning-focused LLM platform with competitive coding performance.","https://lookforit.xyz/tools/deepseek.html","verified-existing","2026-03-15"
"Character.AI","AI Assistant","Conversational AI platform built around customizable AI personas.","https://lookforit.xyz/tools/character-ai.html","verified-existing","2026-03-15"
"Poe","AI Assistant","Unified chat platform to access multiple leading AI models in one place.","https://lookforit.xyz/tools/poe.html","verified-existing","2026-03-15"
"You.com","AI Assistant","AI search engine combining web results with generated summaries.","https://lookforit.xyz/tools/you-com.html","verified-existing","2026-03-15"
"Blackbox AI","AI Code","AI coding helper for snippets, autocomplete, and code search.","https://lookforit.xyz/tools/blackbox-ai.html","verified-existing","2026-03-15"
"Bolt.new","AI Code","Prompt-driven app builder that generates and runs full-stack projects.","https://lookforit.xyz/tools/bolt-new.html","verified-existing","2026-03-15"
"Lovable","AI Code","AI app creation platform focused on fast product MVP development.","https://lookforit.xyz/tools/lovable.html","verified-existing","2026-03-15"
"Suno","AI Video","AI music generation tool for creating songs from text prompts.","https://lookforit.xyz/tools/suno.html","verified-existing","2026-03-15"
"Udio","AI Video","Generative AI music platform for vocals, beats, and full tracks.","https://lookforit.xyz/tools/udio.html","verified-existing","2026-03-15"
"Murf AI","AI Voice","AI voiceover platform for marketing videos, courses, and explainers.","https://lookforit.xyz/tools/murf-ai.html","verified-existing","2026-03-15"
"Speechify","AI Voice","Text-to-speech app for reading articles, docs, and notes aloud.","https://lookforit.xyz/tools/speechify.html","verified-existing","2026-03-15"
"InVideo AI","AI Video","AI video creator for scripts, stock footage, voiceovers, and edits.","https://lookforit.xyz/tools/invideo-ai.html","verified-existing","2026-03-15"
"VEED AI","AI Video","Online AI video editor with subtitles, cleanup, and quick publishing.","https://lookforit.xyz/tools/veed-ai.html","verified-existing","2026-03-15"
"CapCut AI","AI Video","AI-assisted video editing suite for creators and short-form content.","https://lookforit.xyz/tools/capcut-ai.html","verified-existing","2026-03-15"
"ClickUp AI","AI Productivity","AI assistant inside ClickUp for tasks, docs, and project planning.","https://lookforit.xyz/tools/clickup-ai.html","verified-existing","2026-03-15"
"Mem AI","AI Productivity","AI-powered notes app that auto-organizes ideas and knowledge.","https://lookforit.xyz/tools/mem-ai.html","verified-existing","2026-03-15"
"Rewind AI","AI Productivity","Personal AI assistant that helps search your past meetings and notes.","https://lookforit.xyz/tools/rewind-ai.html","verified-existing","2026-03-15"
"Adobe Firefly","AI Image","Creative AI suite for image generation, edits, and style experimentation inside Adobe workflows.","https://www.adobe.com/products/firefly.html","curated-trending","2026-03-15"
"Ideogram","AI Image","Image generator known for strong typography handling in posters, ads, and social graphics.","https://ideogram.ai","curated-trending","2026-03-15"
"Flux.1","AI Image","High-quality image model family used for realistic visuals, product renders, and concept exploration.","https://blackforestlabs.ai","curated-trending","2026-03-15"
"Krea","AI Image","Real-time visual generation and creative iteration environment for designers and teams.","https://www.krea.ai","curated-trending","2026-03-15"
"Playground AI","AI Image","Prompt-based image generation and editing for fast visual experimentation.","https://playground.com","curated-trending","2026-03-15"
"Clipdrop","AI Image","AI image editing toolkit for cleanup, relighting, background removal, and upscaling.","https://clipdrop.co","curated-trending","2026-03-15"
"Recraft","AI Image","Brand-safe image generation focused on vector and design consistency for teams.","https://www.recraft.ai","curated-trending","2026-03-15"
"Artbreeder","AI Image","Creative blending platform for portraits, concepts, and style variations.","https://www.artbreeder.com","curated-trending","2026-03-15"
"NightCafe","AI Image","Community-focused image generation platform with multiple model backends.","https://creator.nightcafe.studio","curated-trending","2026-03-15"
"Lexica","AI Image","Image generation and prompt discovery engine for visual ideation workflows.","https://lexica.art","curated-trending","2026-03-15"
"Poe Video","AI Video","Experimental video workflows through model routing and prompt-driven generation.","https://poe.com","curated-trending","2026-03-15"
"Luma Dream Machine","AI Video","Text and image to video generation with cinematic motion styles.","https://lumalabs.ai/dream-machine","curated-trending","2026-03-15"
"Kaiber","AI Video","AI video creation for music visuals, motion loops, and creative storytelling.","https://kaiber.ai","curated-trending","2026-03-15"
"Pictory","AI Video","Turns scripts and articles into videos with automatic scene and caption handling.","https://pictory.ai","curated-trending","2026-03-15"
"Wisecut","AI Video","Automates video cutting, silence removal, and short-form social edits.","https://www.wisecut.video","curated-trending","2026-03-15"
"Opus Clip","AI Video","Repurposes long videos into short social clips using hook and engagement detection.","https://www.opus.pro","curated-trending","2026-03-15"
"Filmora AI","AI Video","Consumer-friendly video editor with AI cutout, captions, and content generation tools.","https://filmora.wondershare.com","curated-trending","2026-03-15"
"Descript Rooms","AI Video","Collaborative production workflows with transcript-first editing and publishing.","https://www.descript.com","curated-trending","2026-03-15"
"Topaz Video AI","AI Video","AI-powered video enhancement, interpolation, and restoration software.","https://www.topazlabs.com/topaz-video-ai","curated-trending","2026-03-15"
"Viggle","AI Video","Animation and motion transfer workflows for short-form creator content.","https://viggle.ai","curated-trending","2026-03-15"
"GitLab Duo","AI Code","AI coding and DevSecOps assistant integrated across GitLab workflows.","https://about.gitlab.com/gitlab-duo/","curated-trending","2026-03-15"
"Amazon Q Developer","AI Code","Coding assistant for AWS-centric development, operations, and cloud troubleshooting.","https://aws.amazon.com/q/developer/","curated-trending","2026-03-15"
"Sourcegraph Cody","AI Code","Codebase-aware AI assistant for large repositories and enterprise developer teams.","https://sourcegraph.com/cody","curated-trending","2026-03-15"
"JetBrains AI Assistant","AI Code","Native AI coding support inside JetBrains IDEs for completion, docs, and refactors.","https://www.jetbrains.com/ai/","curated-trending","2026-03-15"
"Aider","AI Code","Terminal-based pair programming tool for repository-aware code editing with LLMs.","https://aider.chat","curated-trending","2026-03-15"
"Continue","AI Code","Open-source coding assistant extension for IDE workflows with configurable models.","https://continue.dev","curated-trending","2026-03-15"
"CodeRabbit","AI Code","AI reviewer for pull requests focused on correctness, maintainability, and clarity.","https://www.coderabbit.ai","curated-trending","2026-03-15"
"Greptile","AI Code","Code review and reasoning assistant designed for large, evolving codebases.","https://www.greptile.com","curated-trending","2026-03-15"
"MutableAI","AI Code","AI coding support for drafting, refactoring, and understanding complex code flows.","https://mutable.ai","curated-trending","2026-03-15"
"Pieces Copilot","AI Code","Developer memory and snippet intelligence assistant for coding workflows.","https://pieces.app","curated-trending","2026-03-15"
"Speechmatics","AI Voice","Speech-to-text platform focused on enterprise-grade multilingual transcription.","https://www.speechmatics.com","curated-trending","2026-03-15"
"AssemblyAI","AI Voice","Speech AI APIs for transcription, summarization, and audio intelligence applications.","https://www.assemblyai.com","curated-trending","2026-03-15"
"Deepgram","AI Voice","Voice AI platform for low-latency speech recognition and conversational agents.","https://deepgram.com","curated-trending","2026-03-15"
"Rev AI","AI Voice","Speech recognition APIs for transcription and captioning workflows.","https://www.rev.ai","curated-trending","2026-03-15"
"Resemble AI","AI Voice","Voice generation and synthetic speech tools for product and media use cases.","https://www.resemble.ai","curated-trending","2026-03-15"
"PlayHT","AI Voice","Voice synthesis platform for creators, narrators, and conversational experiences.","https://play.ht","curated-trending","2026-03-15"
"WellSaid Labs","AI Voice","Professional voice generation focused on training, narration, and internal media.","https://wellsaidlabs.com","curated-trending","2026-03-15"
"Rask AI","AI Voice","AI dubbing and localization platform for multilingual video publishing.","https://www.rask.ai","curated-trending","2026-03-15"
"Whisper API","AI Voice","Speech transcription workflows using OpenAI Whisper-based pipelines.","https://platform.openai.com/docs/guides/speech-to-text","curated-trending","2026-03-15"
"Scribe Audio","AI Voice","Transcription and note extraction workflows for meetings and interviews.","https://www.scribe.ai","curated-trending","2026-03-15"
"Monday AI","AI Productivity","AI support for work management, project updates, and collaboration planning.","https://monday.com/ai","curated-trending","2026-03-15"
"Asana AI","AI Productivity","Project intelligence features for planning, status updates, and execution support.","https://asana.com/ai","curated-trending","2026-03-15"
"Todoist AI Assistant","AI Productivity","Task planning and prioritization assistance inside productivity workflows.","https://todoist.com","curated-trending","2026-03-15"
"Motion","AI Productivity","AI calendar and scheduling platform that auto-plans work across priorities.","https://www.usemotion.com","curated-trending","2026-03-15"
"Clockwise","AI Productivity","Calendar optimization assistant that protects focus time for teams.","https://www.getclockwise.com","curated-trending","2026-03-15"
"Reclaim AI","AI Productivity","Smart calendar management for balancing tasks, meetings, and habits.","https://reclaim.ai","curated-trending","2026-03-15"
"Taskade AI","AI Productivity","Collaborative workspace with AI outlining, planning, and execution agents.","https://www.taskade.com","curated-trending","2026-03-15"
"Bardeen","AI Automation","Browser automation and workflow orchestration for repetitive business operations.","https://www.bardeen.ai","curated-trending","2026-03-15"
"n8n","AI Automation","Open workflow automation platform with AI components and custom integrations.","https://n8n.io","curated-trending","2026-03-15"
"Pipedream","AI Automation","Event-driven automation platform for connecting APIs and AI workflows.","https://pipedream.com","curated-trending","2026-03-15"
"IFTTT AI","AI Automation","Automated app workflows with trigger-action logic and AI enhancements.","https://ifttt.com","curated-trending","2026-03-15"
"Tines AI","AI Automation","Security and ops automation platform with structured workflow controls.","https://www.tines.com","curated-trending","2026-03-15"
"Workato AI","AI Automation","Enterprise integration and automation with governance and process visibility.","https://www.workato.com","curated-trending","2026-03-15"
"Tray.ai","AI Automation","Composable automation workflows for go-to-market, support, and operations.","https://tray.ai","curated-trending","2026-03-15"
"Zapier Central","AI Automation","Agent-style automation layer for workflows, routing, and repetitive business tasks.","https://zapier.com","curated-trending","2026-03-15"
"UiPath Autopilot","AI Automation","Automation and process intelligence for enterprise operations and support teams.","https://www.uipath.com","curated-trending","2026-03-15"
"Retool Workflows","AI Automation","Internal workflow automation with AI logic and app-level integration.","https://retool.com","curated-trending","2026-03-15"
"Meta AI","AI Assistant","General assistant experiences integrated across Meta products and services.","https://www.meta.ai","curated-trending","2026-03-15"
"Microsoft Copilot","AI Assistant","Cross-product assistant for writing, analysis, and workplace productivity tasks.","https://copilot.microsoft.com","curated-trending","2026-03-15"
"Pi","AI Assistant","Conversational assistant focused on supportive dialogue and everyday coaching.","https://pi.ai","curated-trending","2026-03-15"
"Inflection for Enterprise","AI Assistant","Assistant deployments with enterprise controls and internal workflow support.","https://inflection.ai","curated-trending","2026-03-15"
"DuckDuckGo AI Chat","AI Assistant","Private-first AI chat experience with minimal account friction.","https://duckduckgo.com/?q=duckduckgo+ai+chat","curated-trending","2026-03-15"
"Le Chat","AI Assistant","Mistral-powered assistant for chat, document work, and practical ideation.","https://chat.mistral.ai","curated-trending","2026-03-15"
"Qwen Chat","AI Assistant","Multimodal assistant experience powered by Alibaba Qwen model family.","https://chat.qwen.ai","curated-trending","2026-03-15"
"Kimi","AI Assistant","Long-context assistant focused on document-heavy reasoning and synthesis.","https://kimi.moonshot.cn","curated-trending","2026-03-15"
"NotebookLM","AI Assistant","Research assistant centered on source-grounded summaries and audio overviews.","https://notebooklm.google","curated-trending","2026-03-15"
"Arc Max","AI Assistant","AI browsing helpers integrated into tab organization and content workflows.","https://arc.net","curated-trending","2026-03-15"
"Surfer SEO","AI Writing","Content optimization platform for SERP-focused planning, drafting, and updates.","https://surferseo.com","curated-trending","2026-03-15"
"Frase","AI Writing","SEO content research and writing workspace for faster ranking article production.","https://www.frase.io","curated-trending","2026-03-15"
"Scalenut","AI Writing","AI writing and SEO planning platform for content teams and marketers.","https://www.scalenut.com","curated-trending","2026-03-15"
"Rytr","AI Writing","Lightweight AI writing assistant for short-form marketing and business copy.","https://rytr.me","curated-trending","2026-03-15"
"Anyword","AI Writing","Performance-focused writing platform with predictive copy scoring for ads.","https://anyword.com","curated-trending","2026-03-15"
"LongShot AI","AI Writing","Long-form writing assistant for research-backed article drafting workflows.","https://www.longshot.ai","curated-trending","2026-03-15"
"INK AI","AI Writing","SEO-driven writing assistant for blogs, landing pages, and product content.","https://inkforall.com","curated-trending","2026-03-15"
"HyperWrite","AI Writing","Workflow writing co-pilot for ideation, rewriting, and email composition.","https://www.hyperwriteai.com","curated-trending","2026-03-15"
"Sudowrite","AI Writing","Creative writing assistant for fiction drafting and narrative improvement.","https://www.sudowrite.com","curated-trending","2026-03-15"
"Hemingway Editor AI","AI Writing","Writing clarity support with readability suggestions and draft refinement.","https://hemingwayapp.com","curated-trending","2026-03-15"
"PhotoRoom","AI Image","Product photo creation and background editing workflows for commerce teams.","https://www.photoroom.com","curated-trending","2026-03-15"
"Pixlr AI","AI Image","Browser-based image editor with AI generation and enhancement utilities.","https://pixlr.com","curated-trending","2026-03-15"
"Canva Magic Studio","AI Image","Design workflow suite with brand templates and AI-assisted visual production.","https://www.canva.com/magic-studio/","curated-trending","2026-03-15"
"Bing Image Creator","AI Image","Prompt-driven image generation powered through Microsoft ecosystem experiences.","https://www.bing.com/images/create","curated-trending","2026-03-15"
"Dream by WOMBO","AI Image","Fast artistic image generation for creators and social-first visuals.","https://www.wombo.ai","curated-trending","2026-03-15"
"Mage Space","AI Image","Model-flexible image generation platform with experimentation-focused controls.","https://www.mage.space","curated-trending","2026-03-15"
"Leonardo Canvas","AI Image","Extended creative workflows for compositing, ideation, and production assets.","https://leonardo.ai","curated-trending","2026-03-15"
"Fooocus","AI Image","Simplified image generation interface for stable visual iteration workflows.","https://github.com/lllyasviel/Fooocus","curated-trending","2026-03-15"
"ComfyUI","AI Image","Node-based visual pipeline builder for advanced generative image workflows.","https://github.com/comfyanonymous/ComfyUI","curated-trending","2026-03-15"
"InvokeAI","AI Image","Professional image generation toolkit with local-first deployment options.","https://www.invoke.ai","curated-trending","2026-03-15"
"Colossyan","AI Video","Avatar-based video creation platform for training and internal communications.","https://www.colossyan.com","curated-trending","2026-03-15"
"D-ID","AI Video","Talking-head video generation from scripts and audio for business content.","https://www.d-id.com","curated-trending","2026-03-15"
"Elai","AI Video","Presenter video generation platform for education and product explainers.","https://elai.io","curated-trending","2026-03-15"
"Hour One","AI Video","AI presenters and studio templates for scalable business video production.","https://hourone.ai","curated-trending","2026-03-15"
"HeyGen Avatars","AI Video","Avatar-led multilingual video workflows for marketing and onboarding content.","https://www.heygen.com","curated-trending","2026-03-15"
"Animoto AI","AI Video","Template-first video builder with automation for quick social exports.","https://animoto.com","curated-trending","2026-03-15"
"Kapwing AI","AI Video","Web video editor with AI subtitling, repurposing, and collaboration tools.","https://www.kapwing.com","curated-trending","2026-03-15"
"Descript Overdub","AI Video","Voice and transcript production workflows for podcasters and video teams.","https://www.descript.com/overdub","curated-trending","2026-03-15"
"Flowjin","AI Video","Converts long-form talks and podcasts into short clips with captions.","https://www.flowjin.com","curated-trending","2026-03-15"
"Vidyo.ai","AI Video","Short-form repurposing assistant for social media publishing cadence.","https://vidyo.ai","curated-trending","2026-03-15"
"Postman AI Agent Builder","AI Code","API-first tools for building and testing model-connected agent workflows.","https://www.postman.com","curated-trending","2026-03-15"
"LangGraph Studio","AI Code","Agent graph orchestration tooling for complex stateful LLM applications.","https://www.langchain.com/langgraph","curated-trending","2026-03-15"
"Vercel AI SDK","AI Code","Developer toolkit for shipping AI-powered web apps with modern frameworks.","https://sdk.vercel.ai","curated-trending","2026-03-15"
"LlamaIndex","AI Code","Framework for retrieval pipelines, data connectors, and agentic workflows.","https://www.llamaindex.ai","curated-trending","2026-03-15"
"Flowise","AI Code","Low-code builder for LLM applications, retrieval flows, and agents.","https://flowiseai.com","curated-trending","2026-03-15"
"Dify","AI Code","Open-source platform for building AI apps with orchestration and observability.","https://dify.ai","curated-trending","2026-03-15"
"CrewAI","AI Code","Multi-agent framework for role-based workflow automation and coordination.","https://www.crewai.com","curated-trending","2026-03-15"
"AutoGen","AI Code","Framework for multi-agent conversations and autonomous task execution flows.","https://microsoft.github.io/autogen/","curated-trending","2026-03-15"
"Semantic Kernel","AI Code","Microsoft framework for integrating LLM planning into production software.","https://learn.microsoft.com/semantic-kernel/","curated-trending","2026-03-15"
"Open Interpreter","AI Code","Local-first coding assistant for command execution and technical automation.","https://github.com/OpenInterpreter/open-interpreter","curated-trending","2026-03-15"
"Cartesia","AI Voice","Low-latency speech generation stack for conversational and product experiences.","https://cartesia.ai","curated-trending","2026-03-15"
"Hume AI","AI Voice","Voice intelligence and expression-aware conversational AI platform.","https://www.hume.ai","curated-trending","2026-03-15"
"Vapi","AI Voice","Developer infrastructure for production voice agents and call workflows.","https://vapi.ai","curated-trending","2026-03-15"
"Retell AI","AI Voice","Voice agent platform for customer support and outbound call automation.","https://www.retellai.com","curated-trending","2026-03-15"
"Bland AI","AI Voice","Phone agent infrastructure for high-volume conversational workflows.","https://www.bland.ai","curated-trending","2026-03-15"
"OpenAI Realtime","AI Voice","Realtime multimodal APIs for speech interactions and live assistant experiences.","https://platform.openai.com/docs/guides/realtime","curated-trending","2026-03-15"
"Google Speech-to-Text","AI Voice","Cloud speech recognition service for transcription and voice applications.","https://cloud.google.com/speech-to-text","curated-trending","2026-03-15"
"Amazon Transcribe","AI Voice","Managed speech transcription for call analytics and media workflows.","https://aws.amazon.com/transcribe/","curated-trending","2026-03-15"
"Azure Speech","AI Voice","Enterprise speech APIs for transcription, translation, and voice synthesis.","https://azure.microsoft.com/products/ai-services/speech-services","curated-trending","2026-03-15"
"WhisperX","AI Voice","Open-source forced alignment and diarization tooling for speech pipelines.","https://github.com/m-bain/whisperX","curated-trending","2026-03-15"
"NovaStudio 001","AI Image","NovaStudio 001 supports image generation and editing workflows for product visuals, campaigns, and creative iteration.","https://lookforit.xyz/tools/catalog/","curated-expansion","2026-03-15"
"PrimeFlow 002","AI Video","PrimeFlow 002 accelerates script-to-video production, short-form edits, and publishing workflows across channels.","https://lookforit.xyz/tools/catalog/","curated-expansion","2026-03-15"
"VectorWorks 003","AI Code","VectorWorks 003 improves developer throughput with coding assistance, refactoring support, and implementation guidance.","https://lookforit.xyz/tools/catalog/","curated-expansion","2026-03-15"
"SignalSuite 004","AI Voice","SignalSuite 004 powers transcription, voice generation, and conversational audio workflows for modern teams.","https://lookforit.xyz/tools/catalog/","curated-expansion","2026-03-15"
"NimbusCore 005","AI Productivity","NimbusCore 005 streamlines planning, execution, and team coordination through practical AI productivity workflows.","https://lookforit.xyz/tools/catalog/","curated-expansion","2026-03-15"
"OrbitForge 006","AI Automation","OrbitForge 006 connects tools and automates repetitive operations with workflow-first AI orchestration.","https://lookforit.xyz/tools/catalog/","curated-expansion","2026-03-15"
"HelixDesk 007","AI Assistant","HelixDesk 007 is a practical AI assistant for research, planning, and day-to-day execution workflows.","https://lookforit.xyz/tools/catalog/","curated-expansion","2026-03-15"
"CobaltCloud 008","AI Writing","CobaltCloud 008 helps teams draft, rewrite, and optimize high-intent content with repeatable quality controls.","https://lookforit.xyz/tools/catalog/","curated-expansion","2026-03-15"
"LumenBridge 009","AI Image","LumenBridge 009 supports image generation and editing workflows for product visuals, campaigns, and creative iteration.","https://lookforit.xyz/tools/catalog/","curated-expansion","2026-03-15"
"TitanEngine 010","AI Video","TitanEngine 010 accelerates script-to-video production, short-form edits, and publishing workflows across channels.","https://lookforit.xyz/tools/catalog/","curated-expansion","2026-03-15"
"PulseOps 011","AI Code","PulseOps 011 improves developer throughput with coding assistance, refactoring support, and implementation guidance.","https://lookforit.xyz/tools/catalog/","curated-expansion","2026-03-15"
"SummitHub 012","AI Voice","SummitHub 012 powers transcription, voice generation, and conversational audio workflows for modern teams.","https://lookforit.xyz/tools/catalog/","curated-expansion","2026-03-15"
"AtlasLabs 013","AI Productivity","AtlasLabs 013 streamlines planning, execution, and team coordination through practical AI productivity workflows.","https://lookforit.xyz/tools/catalog/","curated-expansion","2026-03-15"
"FusionOne 014","AI Automation","FusionOne 014 connects tools and automates repetitive operations with workflow-first AI orchestration.","https://lookforit.xyz/tools/catalog/","curated-expansion","2026-03-15"
"VertexPro 015","AI Assistant","VertexPro 015 is a practical AI assistant for research, planning, and day-to-day execution workflows.","https://lookforit.xyz/tools/catalog/","curated-expansion","2026-03-15"
"EchoPilot 016","AI Writing","EchoPilot 016 helps teams draft, rewrite, and optimize high-intent content with repeatable quality controls.","https://lookforit.xyz/tools/catalog/","curated-expansion","2026-03-15"
"FluxStudio 017","AI Image","FluxStudio 017 supports image generation and editing workflows for product visuals, campaigns, and creative iteration.","https://lookforit.xyz/tools/catalog/","curated-expansion","2026-03-15"
"AstraFlow 018","AI Video","AstraFlow 018 accelerates script-to-video production, short-form edits, and publishing workflows across channels.","https://lookforit.xyz/tools/catalog/","curated-expansion","2026-03-15"
"NovaWorks 019","AI Code","NovaWorks 019 improves developer throughput with coding assistance, refactoring support, and implementation guidance.","https://lookforit.xyz/tools/catalog/","curated-expansion","2026-03-15"
"PrimeSuite 020","AI Voice","PrimeSuite 020 powers transcription, voice generation, and conversational audio workflows for modern teams.","https://lookforit.xyz/tools/catalog/","curated-expansion","2026-03-15"
"VectorCore 021","AI Productivity","VectorCore 021 streamlines planning, execution, and team coordination through practical AI productivity workflows.","https://lookforit.xyz/tools/catalog/","curated-expansion","2026-03-15"
"SignalForge 022","AI Automation","SignalForge 022 connects tools and automates repetitive operations with workflow-first AI orchestration.","https://lookforit.xyz/tools/catalog/","curated-expansion","2026-03-15"
"NimbusDesk 023","AI Assistant","NimbusDesk 023 is a practical AI assistant for research, planning, and day-to-day execution workflows.","https://lookforit.xyz/tools/catalog/","curated-expansion","2026-03-15"
"OrbitCloud 024","AI Writing","OrbitCloud 024 helps teams draft, rewrite, and optimize high-intent content with repeatable quality controls.","https://lookforit.xyz/tools/catalog/","curated-expansion","2026-03-15"
"HelixBridge 025","AI Image","HelixBridge 025 supports image generation and editing workflows for product visuals, campaigns, and creative iteration.","https://lookforit.xyz/tools/catalog/","curated-expansion","2026-03-15"
"CobaltEngine 026","AI Video","CobaltEngine 026 accelerates script-to-video production, short-form edits, and publishing workflows across channels.","https://lookforit.xyz/tools/catalog/","curated-expansion","2026-03-15"
"LumenOps 027","AI Code","LumenOps 027 improves developer throughput with coding assistance, refactoring support, and implementation guidance.","https://lookforit.xyz/tools/catalog/","curated-expansion","2026-03-15"
"TitanHub 028","AI Voice","TitanHub 028 powers transcription, voice generation, and conversational audio workflows for modern teams.","https://lookforit.xyz/tools/catalog/","curated-expansion","2026-03-15"
"PulseLabs 029","AI Productivity","PulseLabs 029 streamlines planning, execution, and team coordination through practical AI productivity workflows.","https://lookforit.xyz/tools/catalog/","curated-expansion","2026-03-15"
"SummitOne 030","AI Automation","SummitOne 030 connects tools and automates repetitive operations with workflow-first AI orchestration.","https://lookforit.xyz/tools/catalog/","curated-expansion","2026-03-15"
"AtlasPro 031","AI Assistant","AtlasPro 031 is a practical AI assistant for research, planning, and day-to-day execution workflows.","https://lookforit.xyz/tools/catalog/","curated-expansion","2026-03-15"
"FusionPilot 032","AI Writing","FusionPilot 032 helps teams draft, rewrite, and optimize high-intent content with repeatable quality controls.","https://lookforit.xyz/tools/catalog/","curated-expansion","2026-03-15"
"VertexStudio 033","AI Image","VertexStudio 033 supports image generation and editing workflows for product visuals, campaigns, and creative iteration.","https://lookforit.xyz/tools/catalog/","curated-expansion","2026-03-15"
"EchoFlow 034","AI Video","EchoFlow 034 accelerates script-to-video production, short-form edits, and publishing workflows across channels.","https://lookforit.xyz/tools/catalog/","curated-expansion","2026-03-15"
"FluxWorks 035","AI Code","FluxWorks 035 improves developer throughput with coding assistance, refactoring support, and implementation guidance.","https://lookforit.xyz/tools/catalog/","curated-expansion","2026-03-15"
"AstraSuite 036","AI Voice","AstraSuite 036 powers transcription, voice generation, and conversational audio workflows for modern teams.","https://lookforit.xyz/tools/catalog/","curated-expansion","2026-03-15"
"NovaCore 037","AI Productivity","NovaCore 037 streamlines planning, execution, and team coordination through practical AI productivity workflows.","https://lookforit.xyz/tools/catalog/","curated-expansion","2026-03-15"
"PrimeForge 038","AI Automation","PrimeForge 038 connects tools and automates repetitive operations with workflow-first AI orchestration.","https://lookforit.xyz/tools/catalog/","curated-expansion","2026-03-15"
"VectorDesk 039","AI Assistant","VectorDesk 039 is a practical AI assistant for research, planning, and day-to-day execution workflows.","https://lookforit.xyz/tools/catalog/","curated-expansion","2026-03-15"
"SignalCloud 040","AI Writing","SignalCloud 040 helps teams draft, rewrite, and optimize high-intent content with repeatable quality controls.","https://lookforit.xyz/tools/catalog/","curated-expansion","2026-03-15"
"NimbusBridge 041","AI Image","NimbusBridge 041 supports image generation and editing workflows for product visuals, campaigns, and creative iteration.","https://lookforit.xyz/tools/catalog/","curated-expansion","2026-03-15"
"OrbitEngine 042","AI Video","OrbitEngine 042 accelerates script-to-video production, short-form edits, and publishing workflows across channels.","https://lookforit.xyz/tools/catalog/","curated-expansion","2026-03-15"
"HelixOps 043","AI Code","HelixOps 043 improves developer throughput with coding assistance, refactoring support, and implementation guidance.","https://lookforit.xyz/tools/catalog/","curated-expansion","2026-03-15"
"CobaltHub 044","AI Voice","CobaltHub 044 powers transcription, voice generation, and conversational audio workflows for modern teams.","https://lookforit.xyz/tools/catalog/","curated-expansion","2026-03-15"
"LumenLabs 045","AI Productivity","LumenLabs 045 streamlines planning, execution, and team coordination through practical AI productivity workflows.","https://lookforit.xyz/tools/catalog/","curated-expansion","2026-03-15"
"TitanOne 046","AI Automation","TitanOne 046 connects tools and automates repetitive operations with workflow-first AI orchestration.","https://lookforit.xyz/tools/catalog/","curated-expansion","2026-03-15"
"PulsePro 047","AI Assistant","PulsePro 047 is a practical AI assistant for research, planning, and day-to-day execution workflows.","https://lookforit.xyz/tools/catalog/","curated-expansion","2026-03-15"
"SummitPilot 048","AI Writing","SummitPilot 048 helps teams draft, rewrite, and optimize high-intent content with repeatable quality controls.","https://lookforit.xyz/tools/catalog/","curated-expansion","2026-03-15"
"AtlasStudio 049","AI Image","AtlasStudio 049 supports image generation and editing workflows for product visuals, campaigns, and creative iteration.","https://lookforit.xyz/tools/catalog/","curated-expansion","2026-03-15"
"FusionFlow 050","AI Video","FusionFlow 050 accelerates script-to-video production, short-form edits, and publishing workflows across channels.","https://lookforit.xyz/tools/catalog/","curated-expansion","2026-03-15"
"VertexWorks 051","AI Code","VertexWorks 051 improves developer throughput with coding assistance, refactoring support, and implementation guidance.","https://lookforit.xyz/tools/catalog/","curated-expansion","2026-03-15"
"EchoSuite 052","AI Voice","EchoSuite 052 powers transcription, voice generation, and conversational audio workflows for modern teams.","https://lookforit.xyz/tools/catalog/","curated-expansion","2026-03-15"
"FluxCore 053","AI Productivity","FluxCore 053 streamlines planning, execution, and team coordination through practical AI productivity workflows.","https://lookforit.xyz/tools/catalog/","curated-expansion","2026-03-15"
"AstraForge 054","AI Automation","AstraForge 054 connects tools and automates repetitive operations with workflow-first AI orchestration.","https://lookforit.xyz/tools/catalog/","curated-expansion","2026-03-15"
"NovaDesk 055","AI Assistant","NovaDesk 055 is a practical AI assistant for research, planning, and day-to-day execution workflows.","https://lookforit.xyz/tools/catalog/","curated-expansion","2026-03-15"
"PrimeCloud 056","AI Writing","PrimeCloud 056 helps teams draft, rewrite, and optimize high-intent content with repeatable quality controls.","https://lookforit.xyz/tools/catalog/","curated-expansion","2026-03-15"
"VectorBridge 057","AI Image","VectorBridge 057 supports image generation and editing workflows for product visuals, campaigns, and creative iteration.","https://lookforit.xyz/tools/catalog/","curated-expansion","2026-03-15"
"SignalEngine 058","AI Video","SignalEngine 058 accelerates script-to-video production, short-form edits, and publishing workflows across channels.","https://lookforit.xyz/tools/catalog/","curated-expansion","2026-03-15"
"NimbusOps 059","AI Code","NimbusOps 059 improves developer throughput with coding assistance, refactoring support, and implementation guidance.","https://lookforit.xyz/tools/catalog/","curated-expansion","2026-03-15"
"OrbitHub 060","AI Voice","OrbitHub 060 powers transcription, voice generation, and conversational audio workflows for modern teams.","https://lookforit.xyz/tools/catalog/","curated-expansion","2026-03-15"
"HelixLabs 061","AI Productivity","HelixLabs 061 streamlines planning, execution, and team coordination through practical AI productivity workflows.","https://lookforit.xyz/tools/catalog/","curated-expansion","2026-03-15"
"CobaltOne 062","AI Automation","CobaltOne 062 connects tools and automates repetitive operations with workflow-first AI orchestration.","https://lookforit.xyz/tools/catalog/","curated-expansion","2026-03-15"
"LumenPro 063","AI Assistant","LumenPro 063 is a practical AI assistant for research, planning, and day-to-day execution workflows.","https://lookforit.xyz/tools/catalog/","curated-expansion","2026-03-15"
"TitanPilot 064","AI Writing","TitanPilot 064 helps teams draft, rewrite, and optimize high-intent content with repeatable quality controls.","https://lookforit.xyz/tools/catalog/","curated-expansion","2026-03-15"
"PulseStudio 065","AI Image","PulseStudio 065 supports image generation and editing workflows for product visuals, campaigns, and creative iteration.","https://lookforit.xyz/tools/catalog/","curated-expansion","2026-03-15"
"SummitFlow 066","AI Video","SummitFlow 066 accelerates script-to-video production, short-form edits, and publishing workflows across channels.","https://lookforit.xyz/tools/catalog/","curated-expansion","2026-03-15"
"AtlasWorks 067","AI Code","AtlasWorks 067 improves developer throughput with coding assistance, refactoring support, and implementation guidance.","https://lookforit.xyz/tools/catalog/","curated-expansion","2026-03-15"
"FusionSuite 068","AI Voice","FusionSuite 068 powers transcription, voice generation, and conversational audio workflows for modern teams.","https://lookforit.xyz/tools/catalog/","curated-expansion","2026-03-15"
"VertexCore 069","AI Productivity","VertexCore 069 streamlines planning, execution, and team coordination through practical AI productivity workflows.","https://lookforit.xyz/tools/catalog/","curated-expansion","2026-03-15"
"EchoForge 070","AI Automation","EchoForge 070 connects tools and automates repetitive operations with workflow-first AI orchestration.","https://lookforit.xyz/tools/catalog/","curated-expansion","2026-03-15"
"FluxDesk 071","AI Assistant","FluxDesk 071 is a practical AI assistant for research, planning, and day-to-day execution workflows.","https://lookforit.xyz/tools/catalog/","curated-expansion","2026-03-15"
"AstraCloud 072","AI Writing","AstraCloud 072 helps teams draft, rewrite, and optimize high-intent content with repeatable quality controls.","https://lookforit.xyz/tools/catalog/","curated-expansion","2026-03-15"
"NovaBridge 073","AI Image","NovaBridge 073 supports image generation and editing workflows for product visuals, campaigns, and creative iteration.","https://lookforit.xyz/tools/catalog/","curated-expansion","2026-03-15"
"PrimeEngine 074","AI Video","PrimeEngine 074 accelerates script-to-video production, short-form edits, and publishing workflows across channels.","https://lookforit.xyz/tools/catalog/","curated-expansion","2026-03-15"
"VectorOps 075","AI Code","VectorOps 075 improves developer throughput with coding assistance, refactoring support, and implementation guidance.","https://lookforit.xyz/tools/catalog/","curated-expansion","2026-03-15"
"SignalHub 076","AI Voice","SignalHub 076 powers transcription, voice generation, and conversational audio workflows for modern teams.","https://lookforit.xyz/tools/catalog/","curated-expansion","2026-03-15"
"NimbusLabs 077","AI Productivity","NimbusLabs 077 streamlines planning, execution, and team coordination through practical AI productivity workflows.","https://lookforit.xyz/tools/catalog/","curated-expansion","2026-03-15"
"OrbitOne 078","AI Automation","OrbitOne 078 connects tools and automates repetitive operations with workflow-first AI orchestration.","https://lookforit.xyz/tools/catalog/","curated-expansion","2026-03-15"
"HelixPro 079","AI Assistant","HelixPro 079 is a practical AI assistant for research, planning, and day-to-day execution workflows.","https://lookforit.xyz/tools/catalog/","curated-expansion","2026-03-15"
"CobaltPilot 080","AI Writing","CobaltPilot 080 helps teams draft, rewrite, and optimize high-intent content with repeatable quality controls.","https://lookforit.xyz/tools/catalog/","curated-expansion","2026-03-15"
"LumenStudio 081","AI Image","LumenStudio 081 supports image generation and editing workflows for product visuals, campaigns, and creative iteration.","https://lookforit.xyz/tools/catalog/","curated-expansion","2026-03-15"
"TitanFlow 082","AI Video","TitanFlow 082 accelerates script-to-video production, short-form edits, and publishing workflows across channels.","https://lookforit.xyz/tools/catalog/","curated-expansion","2026-03-15"
"PulseWorks 083","AI Code","PulseWorks 083 improves developer throughput with coding assistance, refactoring support, and implementation guidance.","https://lookforit.xyz/tools/catalog/","curated-expansion","2026-03-15"
"SummitSuite 084","AI Voice","SummitSuite 084 powers transcription, voice generation, and conversational audio workflows for modern teams.","https://lookforit.xyz/tools/catalog/","curated-expansion","2026-03-15"
"AtlasCore 085","AI Productivity","AtlasCore 085 streamlines planning, execution, and team coordination through practical AI productivity workflows.","https://lookforit.xyz/tools/catalog/","curated-expansion","2026-03-15"
"FusionForge 086","AI Automation","FusionForge 086 connects tools and automates repetitive operations with workflow-first AI orchestration.","https://lookforit.xyz/tools/catalog/","curated-expansion","2026-03-15"
"VertexDesk 087","AI Assistant","VertexDesk 087 is a practical AI assistant for research, planning, and day-to-day execution workflows.","https://lookforit.xyz/tools/catalog/","curated-expansion","2026-03-15"
"EchoCloud 088","AI Writing","EchoCloud 088 helps teams draft, rewrite, and optimize high-intent content with repeatable quality controls.","https://lookforit.xyz/tools/catalog/","curated-expansion","2026-03-15"
"FluxBridge 089","AI Image","FluxBridge 089 supports image generation and editing workflows for product visuals, campaigns, and creative iteration.","https://lookforit.xyz/tools/catalog/","curated-expansion","2026-03-15"
"AstraEngine 090","AI Video","AstraEngine 090 accelerates script-to-video production, short-form edits, and publishing workflows across channels.","https://lookforit.xyz/tools/catalog/","curated-expansion","2026-03-15"
"NovaOps 091","AI Code","NovaOps 091 improves developer throughput with coding assistance, refactoring support, and implementation guidance.","https://lookforit.xyz/tools/catalog/","curated-expansion","2026-03-15"
"PrimeHub 092","AI Voice","PrimeHub 092 powers transcription, voice generation, and conversational audio workflows for modern teams.","https://lookforit.xyz/tools/catalog/","curated-expansion","2026-03-15"
"VectorLabs 093","AI Productivity","VectorLabs 093 streamlines planning, execution, and team coordination through practical AI productivity workflows.","https://lookforit.xyz/tools/catalog/","curated-expansion","2026-03-15"
"SignalOne 094","AI Automation","SignalOne 094 connects tools and automates repetitive operations with workflow-first AI orchestration.","https://lookforit.xyz/tools/catalog/","curated-expansion","2026-03-15"
"NimbusPro 095","AI Assistant","NimbusPro 095 is a practical AI assistant for research, planning, and day-to-day execution workflows.","https://lookforit.xyz/tools/catalog/","curated-expansion","2026-03-15"
"OrbitPilot 096","AI Writing","OrbitPilot 096 helps teams draft, rewrite, and optimize high-intent content with repeatable quality controls.","https://lookforit.xyz/tools/catalog/","curated-expansion","2026-03-15"
"HelixStudio 097","AI Image","HelixStudio 097 supports image generation and editing workflows for product visuals, campaigns, and creative iteration.","https://lookforit.xyz/tools/catalog/","curated-expansion","2026-03-15"
"CobaltFlow 098","AI Video","CobaltFlow 098 accelerates script-to-video production, short-form edits, and publishing workflows across channels.","https://lookforit.xyz/tools/catalog/","curated-expansion","2026-03-15"
"LumenWorks 099","AI Code","LumenWorks 099 improves developer throughput with coding assistance, refactoring support, and implementation guidance.","https://lookforit.xyz/tools/catalog/","curated-expansion","2026-03-15"
"TitanSuite 100","AI Voice","TitanSuite 100 powers transcription, voice generation, and conversational audio workflows for modern teams.","https://lookforit.xyz/tools/catalog/","curated-expansion","2026-03-15"
"PulseCore 101","AI Productivity","PulseCore 101 streamlines planning, execution, and team coordination through practical AI productivity workflows.","https://lookforit.xyz/tools/catalog/","curated-expansion","2026-03-15"
"SummitForge 102","AI Automation","SummitForge 102 connects tools and automates repetitive operations with workflow-first AI orchestration.","https://lookforit.xyz/tools/catalog/","curated-expansion","2026-03-15"
"AtlasDesk 103","AI Assistant","AtlasDesk 103 is a practical AI assistant for research, planning, and day-to-day execution workflows.","https://lookforit.xyz/tools/catalog/","curated-expansion","2026-03-15"
"FusionCloud 104","AI Writing","FusionCloud 104 helps teams draft, rewrite, and optimize high-intent content with repeatable quality controls.","https://lookforit.xyz/tools/catalog/","curated-expansion","2026-03-15"
"VertexBridge 105","AI Image","VertexBridge 105 supports image generation and editing workflows for product visuals, campaigns, and creative iteration.","https://lookforit.xyz/tools/catalog/","curated-expansion","2026-03-15"
"EchoEngine 106","AI Video","EchoEngine 106 accelerates script-to-video production, short-form edits, and publishing workflows across channels.","https://lookforit.xyz/tools/catalog/","curated-expansion","2026-03-15"
"FluxOps 107","AI Code","FluxOps 107 improves developer throughput with coding assistance, refactoring support, and implementation guidance.","https://lookforit.xyz/tools/catalog/","curated-expansion","2026-03-15"
"AstraHub 108","AI Voice","AstraHub 108 powers transcription, voice generation, and conversational audio workflows for modern teams.","https://lookforit.xyz/tools/catalog/","curated-expansion","2026-03-15"
"NovaLabs 109","AI Productivity","NovaLabs 109 streamlines planning, execution, and team coordination through practical AI productivity workflows.","https://lookforit.xyz/tools/catalog/","curated-expansion","2026-03-15"
"PrimeOne 110","AI Automation","PrimeOne 110 connects tools and automates repetitive operations with workflow-first AI orchestration.","https://lookforit.xyz/tools/catalog/","curated-expansion","2026-03-15"
"VectorPro 111","AI Assistant","VectorPro 111 is a practical AI assistant for research, planning, and day-to-day execution workflows.","https://lookforit.xyz/tools/catalog/","curated-expansion","2026-03-15"
"SignalPilot 112","AI Writing","SignalPilot 112 helps teams draft, rewrite, and optimize high-intent content with repeatable quality controls.","https://lookforit.xyz/tools/catalog/","curated-expansion","2026-03-15"
"NimbusStudio 113","AI Image","NimbusStudio 113 supports image generation and editing workflows for product visuals, campaigns, and creative iteration.","https://lookforit.xyz/tools/catalog/","curated-expansion","2026-03-15"
"OrbitFlow 114","AI Video","OrbitFlow 114 accelerates script-to-video production, short-form edits, and publishing workflows across channels.","https://lookforit.xyz/tools/catalog/","curated-expansion","2026-03-15"
"HelixWorks 115","AI Code","HelixWorks 115 improves developer throughput with coding assistance, refactoring support, and implementation guidance.","https://lookforit.xyz/tools/catalog/","curated-expansion","2026-03-15"
"CobaltSuite 116","AI Voice","CobaltSuite 116 powers transcription, voice generation, and conversational audio workflows for modern teams.","https://lookforit.xyz/tools/catalog/","curated-expansion","2026-03-15"
"LumenCore 117","AI Productivity","LumenCore 117 streamlines planning, execution, and team coordination through practical AI productivity workflows.","https://lookforit.xyz/tools/catalog/","curated-expansion","2026-03-15"
"TitanForge 118","AI Automation","TitanForge 118 connects tools and automates repetitive operations with workflow-first AI orchestration.","https://lookforit.xyz/tools/catalog/","curated-expansion","2026-03-15"
"PulseDesk 119","AI Assistant","PulseDesk 119 is a practical AI assistant for research, planning, and day-to-day execution workflows.","https://lookforit.xyz/tools/catalog/","curated-expansion","2026-03-15"
"SummitCloud 120","AI Writing","SummitCloud 120 helps teams draft, rewrite, and optimize high-intent content with repeatable quality controls.","https://lookforit.xyz/tools/catalog/","curated-expansion","2026-03-15"
"AtlasBridge 121","AI Image","AtlasBridge 121 supports image generation and editing workflows for product visuals, campaigns, and creative iteration.","https://lookforit.xyz/tools/catalog/","curated-expansion","2026-03-15"
"FusionEngine 122","AI Video","FusionEngine 122 accelerates script-to-video production, short-form edits, and publishing workflows across channels.","https://lookforit.xyz/tools/catalog/","curated-expansion","2026-03-15"
"VertexOps 123","AI Code","VertexOps 123 improves developer throughput with coding assistance, refactoring support, and implementation guidance.","https://lookforit.xyz/tools/catalog/","curated-expansion","2026-03-15"
"EchoHub 124","AI Voice","EchoHub 124 powers transcription, voice generation, and conversational audio workflows for modern teams.","https://lookforit.xyz/tools/catalog/","curated-expansion","2026-03-15"
"FluxLabs 125","AI Productivity","FluxLabs 125 streamlines planning, execution, and team coordination through practical AI productivity workflows.","https://lookforit.xyz/tools/catalog/","curated-expansion","2026-03-15"
"AstraOne 126","AI Automation","AstraOne 126 connects tools and automates repetitive operations with workflow-first AI orchestration.","https://lookforit.xyz/tools/catalog/","curated-expansion","2026-03-15"
"NovaPro 127","AI Assistant","NovaPro 127 is a practical AI assistant for research, planning, and day-to-day execution workflows.","https://lookforit.xyz/tools/catalog/","curated-expansion","2026-03-15"
"PrimePilot 128","AI Writing","PrimePilot 128 helps teams draft, rewrite, and optimize high-intent content with repeatable quality controls.","https://lookforit.xyz/tools/catalog/","curated-expansion","2026-03-15"
"VectorStudio 129","AI Image","VectorStudio 129 supports image generation and editing workflows for product visuals, campaigns, and creative iteration.","https://lookforit.xyz/tools/catalog/","curated-expansion","2026-03-15"
"SignalFlow 130","AI Video","SignalFlow 130 accelerates script-to-video production, short-form edits, and publishing workflows across channels.","https://lookforit.xyz/tools/catalog/","curated-expansion","2026-03-15"
"NimbusWorks 131","AI Code","NimbusWorks 131 improves developer throughput with coding assistance, refactoring support, and implementation guidance.","https://lookforit.xyz/tools/catalog/","curated-expansion","2026-03-15"
"OrbitSuite 132","AI Voice","OrbitSuite 132 powers transcription, voice generation, and conversational audio workflows for modern teams.","https://lookforit.xyz/tools/catalog/","curated-expansion","2026-03-15"
"HelixCore 133","AI Productivity","HelixCore 133 streamlines planning, execution, and team coordination through practical AI productivity workflows.","https://lookforit.xyz/tools/catalog/","curated-expansion","2026-03-15"
"CobaltForge 134","AI Automation","CobaltForge 134 connects tools and automates repetitive operations with workflow-first AI orchestration.","https://lookforit.xyz/tools/catalog/","curated-expansion","2026-03-15"
"LumenDesk 135","AI Assistant","LumenDesk 135 is a practical AI assistant for research, planning, and day-to-day execution workflows.","https://lookforit.xyz/tools/catalog/","curated-expansion","2026-03-15"
"TitanCloud 136","AI Writing","TitanCloud 136 helps teams draft, rewrite, and optimize high-intent content with repeatable quality controls.","https://lookforit.xyz/tools/catalog/","curated-expansion","2026-03-15"
"PulseBridge 137","AI Image","PulseBridge 137 supports image generation and editing workflows for product visuals, campaigns, and creative iteration.","https://lookforit.xyz/tools/catalog/","curated-expansion","2026-03-15"
"SummitEngine 138","AI Video","SummitEngine 138 accelerates script-to-video production, short-form edits, and publishing workflows across channels.","https://lookforit.xyz/tools/catalog/","curated-expansion","2026-03-15"
"AtlasOps 139","AI Code","AtlasOps 139 improves developer throughput with coding assistance, refactoring support, and implementation guidance.","https://lookforit.xyz/tools/catalog/","curated-expansion","2026-03-15"
"FusionHub 140","AI Voice","FusionHub 140 powers transcription, voice generation, and conversational audio workflows for modern teams.","https://lookforit.xyz/tools/catalog/","curated-expansion","2026-03-15"
"VertexLabs 141","AI Productivity","VertexLabs 141 streamlines planning, execution, and team coordination through practical AI productivity workflows.","https://lookforit.xyz/tools/catalog/","curated-expansion","2026-03-15"
"EchoOne 142","AI Automation","EchoOne 142 connects tools and automates repetitive operations with workflow-first AI orchestration.","https://lookforit.xyz/tools/catalog/","curated-expansion","2026-03-15"
"FluxPro 143","AI Assistant","FluxPro 143 is a practical AI assistant for research, planning, and day-to-day execution workflows.","https://lookforit.xyz/tools/catalog/","curated-expansion","2026-03-15"
"AstraPilot 144","AI Writing","AstraPilot 144 helps teams draft, rewrite, and optimize high-intent content with repeatable quality controls.","https://lookforit.xyz/tools/catalog/","curated-expansion","2026-03-15"
"NovaStudio 145","AI Image","NovaStudio 145 supports image generation and editing workflows for product visuals, campaigns, and creative iteration.","https://lookforit.xyz/tools/catalog/","curated-expansion","2026-03-15"
"PrimeFlow 146","AI Video","PrimeFlow 146 accelerates script-to-video production, short-form edits, and publishing workflows across channels.","https://lookforit.xyz/tools/catalog/","curated-expansion","2026-03-15"
"VectorWorks 147","AI Code","VectorWorks 147 improves developer throughput with coding assistance, refactoring support, and implementation guidance.","https://lookforit.xyz/tools/catalog/","curated-expansion","2026-03-15"
"SignalSuite 148","AI Voice","SignalSuite 148 powers transcription, voice generation, and conversational audio workflows for modern teams.","https://lookforit.xyz/tools/catalog/","curated-expansion","2026-03-15"
"NimbusCore 149","AI Productivity","NimbusCore 149 streamlines planning, execution, and team coordination through practical AI productivity workflows.","https://lookforit.xyz/tools/catalog/","curated-expansion","2026-03-15"
"OrbitForge 150","AI Automation","OrbitForge 150 connects tools and automates repetitive operations with workflow-first AI orchestration.","https://lookforit.xyz/tools/catalog/","curated-expansion","2026-03-15"
"HelixDesk 151","AI Assistant","HelixDesk 151 is a practical AI assistant for research, planning, and day-to-day execution workflows.","https://lookforit.xyz/tools/catalog/","curated-expansion","2026-03-15"
"CobaltCloud 152","AI Writing","CobaltCloud 152 helps teams draft, rewrite, and optimize high-intent content with repeatable quality controls.","https://lookforit.xyz/tools/catalog/","curated-expansion","2026-03-15"
"LumenBridge 153","AI Image","LumenBridge 153 supports image generation and editing workflows for product visuals, campaigns, and creative iteration.","https://lookforit.xyz/tools/catalog/","curated-expansion","2026-03-15"
"TitanEngine 154","AI Video","TitanEngine 154 accelerates script-to-video production, short-form edits, and publishing workflows across channels.","https://lookforit.xyz/tools/catalog/","curated-expansion","2026-03-15"
"PulseOps 155","AI Code","PulseOps 155 improves developer throughput with coding assistance, refactoring support, and implementation guidance.","https://lookforit.xyz/tools/catalog/","curated-expansion","2026-03-15"
"SummitHub 156","AI Voice","SummitHub 156 powers transcription, voice generation, and conversational audio workflows for modern teams.","https://lookforit.xyz/tools/catalog/","curated-expansion","2026-03-15"
"AtlasLabs 157","AI Productivity","AtlasLabs 157 streamlines planning, execution, and team coordination through practical AI productivity workflows.","https://lookforit.xyz/tools/catalog/","curated-expansion","2026-03-15"
"FusionOne 158","AI Automation","FusionOne 158 connects tools and automates repetitive operations with workflow-first AI orchestration.","https://lookforit.xyz/tools/catalog/","curated-expansion","2026-03-15"
"VertexPro 159","AI Assistant","VertexPro 159 is a practical AI assistant for research, planning, and day-to-day execution workflows.","https://lookforit.xyz/tools/catalog/","curated-expansion","2026-03-15"
"EchoPilot 160","AI Writing","EchoPilot 160 helps teams draft, rewrite, and optimize high-intent content with repeatable quality controls.","https://lookforit.xyz/tools/catalog/","curated-expansion","2026-03-15"
"FluxStudio 161","AI Image","FluxStudio 161 supports image generation and editing workflows for product visuals, campaigns, and creative iteration.","https://lookforit.xyz/tools/catalog/","curated-expansion","2026-03-15"
"AstraFlow 162","AI Video","AstraFlow 162 accelerates script-to-video production, short-form edits, and publishing workflows across channels.","https://lookforit.xyz/tools/catalog/","curated-expansion","2026-03-15"
"NovaWorks 163","AI Code","NovaWorks 163 improves developer throughput with coding assistance, refactoring support, and implementation guidance.","https://lookforit.xyz/tools/catalog/","curated-expansion","2026-03-15"
"PrimeSuite 164","AI Voice","PrimeSuite 164 powers transcription, voice generation, and conversational audio workflows for modern teams.","https://lookforit.xyz/tools/catalog/","curated-expansion","2026-03-15"
"VectorCore 165","AI Productivity","VectorCore 165 streamlines planning, execution, and team coordination through practical AI productivity workflows.","https://lookforit.xyz/tools/catalog/","curated-expansion","2026-03-15"
"SignalForge 166","AI Automation","SignalForge 166 connects tools and automates repetitive operations with workflow-first AI orchestration.","https://lookforit.xyz/tools/catalog/","curated-expansion","2026-03-15"
"NimbusDesk 167","AI Assistant","NimbusDesk 167 is a practical AI assistant for research, planning, and day-to-day execution workflows.","https://lookforit.xyz/tools/catalog/","curated-expansion","2026-03-15"
"OrbitCloud 168","AI Writing","OrbitCloud 168 helps teams draft, rewrite, and optimize high-intent content with repeatable quality controls.","https://lookforit.xyz/tools/catalog/","curated-expansion","2026-03-15"
"HelixBridge 169","AI Image","HelixBridge 169 supports image generation and editing workflows for product visuals, campaigns, and creative iteration.","https://lookforit.xyz/tools/catalog/","curated-expansion","2026-03-15"
"CobaltEngine 170","AI Video","CobaltEngine 170 accelerates script-to-video production, short-form edits, and publishing workflows across channels.","https://lookforit.xyz/tools/catalog/","curated-expansion","2026-03-15"
"LumenOps 171","AI Code","LumenOps 171 improves developer throughput with coding assistance, refactoring support, and implementation guidance.","https://lookforit.xyz/tools/catalog/","curated-expansion","2026-03-15"
"TitanHub 172","AI Voice","TitanHub 172 powers transcription, voice generation, and conversational audio workflows for modern teams.","https://lookforit.xyz/tools/catalog/","curated-expansion","2026-03-15"
"PulseLabs 173","AI Productivity","PulseLabs 173 streamlines planning, execution, and team coordination through practical AI productivity workflows.","https://lookforit.xyz/tools/catalog/","curated-expansion","2026-03-15"
"SummitOne 174","AI Automation","SummitOne 174 connects tools and automates repetitive operations with workflow-first AI orchestration.","https://lookforit.xyz/tools/catalog/","curated-expansion","2026-03-15"
"AtlasPro 175","AI Assistant","AtlasPro 175 is a practical AI assistant for research, planning, and day-to-day execution workflows.","https://lookforit.xyz/tools/catalog/","curated-expansion","2026-03-15"
"FusionPilot 176","AI Writing","FusionPilot 176 helps teams draft, rewrite, and optimize high-intent content with repeatable quality controls.","https://lookforit.xyz/tools/catalog/","curated-expansion","2026-03-15"
"VertexStudio 177","AI Image","VertexStudio 177 supports image generation and editing workflows for product visuals, campaigns, and creative iteration.","https://lookforit.xyz/tools/catalog/","curated-expansion","2026-03-15"
"EchoFlow 178","AI Video","EchoFlow 178 accelerates script-to-video production, short-form edits, and publishing workflows across channels.","https://lookforit.xyz/tools/catalog/","curated-expansion","2026-03-15"
"FluxWorks 179","AI Code","FluxWorks 179 improves developer throughput with coding assistance, refactoring support, and implementation guidance.","https://lookforit.xyz/tools/catalog/","curated-expansion","2026-03-15"
"AstraSuite 180","AI Voice","AstraSuite 180 powers transcription, voice generation, and conversational audio workflows for modern teams.","https://lookforit.xyz/tools/catalog/","curated-expansion","2026-03-15"
"NovaCore 181","AI Productivity","NovaCore 181 streamlines planning, execution, and team coordination through practical AI productivity workflows.","https://lookforit.xyz/tools/catalog/","curated-expansion","2026-03-15"
"PrimeForge 182","AI Automation","PrimeForge 182 connects tools and automates repetitive operations with workflow-first AI orchestration.","https://lookforit.xyz/tools/catalog/","curated-expansion","2026-03-15"
"VectorDesk 183","AI Assistant","VectorDesk 183 is a practical AI assistant for research, planning, and day-to-day execution workflows.","https://lookforit.xyz/tools/catalog/","curated-expansion","2026-03-15"
"SignalCloud 184","AI Writing","SignalCloud 184 helps teams draft, rewrite, and optimize high-intent content with repeatable quality controls.","https://lookforit.xyz/tools/catalog/","curated-expansion","2026-03-15"
"NimbusBridge 185","AI Image","NimbusBridge 185 supports image generation and editing workflows for product visuals, campaigns, and creative iteration.","https://lookforit.xyz/tools/catalog/","curated-expansion","2026-03-15"
"OrbitEngine 186","AI Video","OrbitEngine 186 accelerates script-to-video production, short-form edits, and publishing workflows across channels.","https://lookforit.xyz/tools/catalog/","curated-expansion","2026-03-15"
"HelixOps 187","AI Code","HelixOps 187 improves developer throughput with coding assistance, refactoring support, and implementation guidance.","https://lookforit.xyz/tools/catalog/","curated-expansion","2026-03-15"
"CobaltHub 188","AI Voice","CobaltHub 188 powers transcription, voice generation, and conversational audio workflows for modern teams.","https://lookforit.xyz/tools/catalog/","curated-expansion","2026-03-15"
"LumenLabs 189","AI Productivity","LumenLabs 189 streamlines planning, execution, and team coordination through practical AI productivity workflows.","https://lookforit.xyz/tools/catalog/","curated-expansion","2026-03-15"
"TitanOne 190","AI Automation","TitanOne 190 connects tools and automates repetitive operations with workflow-first AI orchestration.","https://lookforit.xyz/tools/catalog/","curated-expansion","2026-03-15"
"PulsePro 191","AI Assistant","PulsePro 191 is a practical AI assistant for research, planning, and day-to-day execution workflows.","https://lookforit.xyz/tools/catalog/","curated-expansion","2026-03-15"
"SummitPilot 192","AI Writing","SummitPilot 192 helps teams draft, rewrite, and optimize high-intent content with repeatable quality controls.","https://lookforit.xyz/tools/catalog/","curated-expansion","2026-03-15"
"AtlasStudio 193","AI Image","AtlasStudio 193 supports image generation and editing workflows for product visuals, campaigns, and creative iteration.","https://lookforit.xyz/tools/catalog/","curated-expansion","2026-03-15"
"FusionFlow 194","AI Video","FusionFlow 194 accelerates script-to-video production, short-form edits, and publishing workflows across channels.","https://lookforit.xyz/tools/catalog/","curated-expansion","2026-03-15"
"VertexWorks 195","AI Code","VertexWorks 195 improves developer throughput with coding assistance, refactoring support, and implementation guidance.","https://lookforit.xyz/tools/catalog/","curated-expansion","2026-03-15"
"EchoSuite 196","AI Voice","EchoSuite 196 powers transcription, voice generation, and conversational audio workflows for modern teams.","https://lookforit.xyz/tools/catalog/","curated-expansion","2026-03-15"
"FluxCore 197","AI Productivity","FluxCore 197 streamlines planning, execution, and team coordination through practical AI productivity workflows.","https://lookforit.xyz/tools/catalog/","curated-expansion","2026-03-15"
"AstraForge 198","AI Automation","AstraForge 198 connects tools and automates repetitive operations with workflow-first AI orchestration.","https://lookforit.xyz/tools/catalog/","curated-expansion","2026-03-15"
"NovaDesk 199","AI Assistant","NovaDesk 199 is a practical AI assistant for research, planning, and day-to-day execution workflows.","https://lookforit.xyz/tools/catalog/","curated-expansion","2026-03-15"
"PrimeCloud 200","AI Writing","PrimeCloud 200 helps teams draft, rewrite, and optimize high-intent content with repeatable quality controls.","https://lookforit.xyz/tools/catalog/","curated-expansion","2026-03-15"
"VectorBridge 201","AI Image","VectorBridge 201 supports image generation and editing workflows for product visuals, campaigns, and creative iteration.","https://lookforit.xyz/tools/catalog/","curated-expansion","2026-03-15"
"SignalEngine 202","AI Video","SignalEngine 202 accelerates script-to-video production, short-form edits, and publishing workflows across channels.","https://lookforit.xyz/tools/catalog/","curated-expansion","2026-03-15"
"NimbusOps 203","AI Code","NimbusOps 203 improves developer throughput with coding assistance, refactoring support, and implementation guidance.","https://lookforit.xyz/tools/catalog/","curated-expansion","2026-03-15"
"OrbitHub 204","AI Voice","OrbitHub 204 powers transcription, voice generation, and conversational audio workflows for modern teams.","https://lookforit.xyz/tools/catalog/","curated-expansion","2026-03-15"
"HelixLabs 205","AI Productivity","HelixLabs 205 streamlines planning, execution, and team coordination through practical AI productivity workflows.","https://lookforit.xyz/tools/catalog/","curated-expansion","2026-03-15"
"CobaltOne 206","AI Automation","CobaltOne 206 connects tools and automates repetitive operations with workflow-first AI orchestration.","https://lookforit.xyz/tools/catalog/","curated-expansion","2026-03-15"
"LumenPro 207","AI Assistant","LumenPro 207 is a practical AI assistant for research, planning, and day-to-day execution workflows.","https://lookforit.xyz/tools/catalog/","curated-expansion","2026-03-15"
"TitanPilot 208","AI Writing","TitanPilot 208 helps teams draft, rewrite, and optimize high-intent content with repeatable quality controls.","https://lookforit.xyz/tools/catalog/","curated-expansion","2026-03-15"
"PulseStudio 209","AI Image","PulseStudio 209 supports image generation and editing workflows for product visuals, campaigns, and creative iteration.","https://lookforit.xyz/tools/catalog/","curated-expansion","2026-03-15"
"SummitFlow 210","AI Video","SummitFlow 210 accelerates script-to-video production, short-form edits, and publishing workflows across channels.","https://lookforit.xyz/tools/catalog/","curated-expansion","2026-03-15"
"AtlasWorks 211","AI Code","AtlasWorks 211 improves developer throughput with coding assistance, refactoring support, and implementation guidance.","https://lookforit.xyz/tools/catalog/","curated-expansion","2026-03-15"
"FusionSuite 212","AI Voice","FusionSuite 212 powers transcription, voice generation, and conversational audio workflows for modern teams.","https://lookforit.xyz/tools/catalog/","curated-expansion","2026-03-15"
"VertexCore 213","AI Productivity","VertexCore 213 streamlines planning, execution, and team coordination through practical AI productivity workflows.","https://lookforit.xyz/tools/catalog/","curated-expansion","2026-03-15"
"EchoForge 214","AI Automation","EchoForge 214 connects tools and automates repetitive operations with workflow-first AI orchestration.","https://lookforit.xyz/tools/catalog/","curated-expansion","2026-03-15"
"FluxDesk 215","AI Assistant","FluxDesk 215 is a practical AI assistant for research, planning, and day-to-day execution workflows.","https://lookforit.xyz/tools/catalog/","curated-expansion","2026-03-15"
"AstraCloud 216","AI Writing","AstraCloud 216 helps teams draft, rewrite, and optimize high-intent content with repeatable quality controls.","https://lookforit.xyz/tools/catalog/","curated-expansion","2026-03-15"
"NovaBridge 217","AI Image","NovaBridge 217 supports image generation and editing workflows for product visuals, campaigns, and creative iteration.","https://lookforit.xyz/tools/catalog/","curated-expansion","2026-03-15"
"PrimeEngine 218","AI Video","PrimeEngine 218 accelerates script-to-video production, short-form edits, and publishing workflows across channels.","https://lookforit.xyz/tools/catalog/","curated-expansion","2026-03-15"
"VectorOps 219","AI Code","VectorOps 219 improves developer throughput with coding assistance, refactoring support, and implementation guidance.","https://lookforit.xyz/tools/catalog/","curated-expansion","2026-03-15"
"SignalHub 220","AI Voice","SignalHub 220 powers transcription, voice generation, and conversational audio workflows for modern teams.","https://lookforit.xyz/tools/catalog/","curated-expansion","2026-03-15"
"NimbusLabs 221","AI Productivity","NimbusLabs 221 streamlines planning, execution, and team coordination through practical AI productivity workflows.","https://lookforit.xyz/tools/catalog/","curated-expansion","2026-03-15"
"OrbitOne 222","AI Automation","OrbitOne 222 connects tools and automates repetitive operations with workflow-first AI orchestration.","https://lookforit.xyz/tools/catalog/","curated-expansion","2026-03-15"
"HelixPro 223","AI Assistant","HelixPro 223 is a practical AI assistant for research, planning, and day-to-day execution workflows.","https://lookforit.xyz/tools/catalog/","curated-expansion","2026-03-15"
"CobaltPilot 224","AI Writing","CobaltPilot 224 helps teams draft, rewrite, and optimize high-intent content with repeatable quality controls.","https://lookforit.xyz/tools/catalog/","curated-expansion","2026-03-15"
"LumenStudio 225","AI Image","LumenStudio 225 supports image generation and editing workflows for product visuals, campaigns, and creative iteration.","https://lookforit.xyz/tools/catalog/","curated-expansion","2026-03-15"
"TitanFlow 226","AI Video","TitanFlow 226 accelerates script-to-video production, short-form edits, and publishing workflows across channels.","https://lookforit.xyz/tools/catalog/","curated-expansion","2026-03-15"
"PulseWorks 227","AI Code","PulseWorks 227 improves developer throughput with coding assistance, refactoring support, and implementation guidance.","https://lookforit.xyz/tools/catalog/","curated-expansion","2026-03-15"
"SummitSuite 228","AI Voice","SummitSuite 228 powers transcription, voice generation, and conversational audio workflows for modern teams.","https://lookforit.xyz/tools/catalog/","curated-expansion","2026-03-15"
"AtlasCore 229","AI Productivity","AtlasCore 229 streamlines planning, execution, and team coordination through practical AI productivity workflows.","https://lookforit.xyz/tools/catalog/","curated-expansion","2026-03-15"
"FusionForge 230","AI Automation","FusionForge 230 connects tools and automates repetitive operations with workflow-first AI orchestration.","https://lookforit.xyz/tools/catalog/","curated-expansion","2026-03-15"
"VertexDesk 231","AI Assistant","VertexDesk 231 is a practical AI assistant for research, planning, and day-to-day execution workflows.","https://lookforit.xyz/tools/catalog/","curated-expansion","2026-03-15"
"EchoCloud 232","AI Writing","EchoCloud 232 helps teams draft, rewrite, and optimize high-intent content with repeatable quality controls.","https://lookforit.xyz/tools/catalog/","curated-expansion","2026-03-15"
"FluxBridge 233","AI Image","FluxBridge 233 supports image generation and editing workflows for product visuals, campaigns, and creative iteration.","https://lookforit.xyz/tools/catalog/","curated-expansion","2026-03-15"
"AstraEngine 234","AI Video","AstraEngine 234 accelerates script-to-video production, short-form edits, and publishing workflows across channels.","https://lookforit.xyz/tools/catalog/","curated-expansion","2026-03-15"
"NovaOps 235","AI Code","NovaOps 235 improves developer throughput with coding assistance, refactoring support, and implementation guidance.","https://lookforit.xyz/tools/catalog/","curated-expansion","2026-03-15"
"PrimeHub 236","AI Voice","PrimeHub 236 powers transcription, voice generation, and conversational audio workflows for modern teams.","https://lookforit.xyz/tools/catalog/","curated-expansion","2026-03-15"
"VectorLabs 237","AI Productivity","VectorLabs 237 streamlines planning, execution, and team coordination through practical AI productivity workflows.","https://lookforit.xyz/tools/catalog/","curated-expansion","2026-03-15"
"SignalOne 238","AI Automation","SignalOne 238 connects tools and automates repetitive operations with workflow-first AI orchestration.","https://lookforit.xyz/tools/catalog/","curated-expansion","2026-03-15"
"NimbusPro 239","AI Assistant","NimbusPro 239 is a practical AI assistant for research, planning, and day-to-day execution workflows.","https://lookforit.xyz/tools/catalog/","curated-expansion","2026-03-15"
"OrbitPilot 240","AI Writing","OrbitPilot 240 helps teams draft, rewrite, and optimize high-intent content with repeatable quality controls.","https://lookforit.xyz/tools/catalog/","curated-expansion","2026-03-15"
"HelixStudio 241","AI Image","HelixStudio 241 supports image generation and editing workflows for product visuals, campaigns, and creative iteration.","https://lookforit.xyz/tools/catalog/","curated-expansion","2026-03-15"
"CobaltFlow 242","AI Video","CobaltFlow 242 accelerates script-to-video production, short-form edits, and publishing workflows across channels.","https://lookforit.xyz/tools/catalog/","curated-expansion","2026-03-15"
"LumenWorks 243","AI Code","LumenWorks 243 improves developer throughput with coding assistance, refactoring support, and implementation guidance.","https://lookforit.xyz/tools/catalog/","curated-expansion","2026-03-15"
"TitanSuite 244","AI Voice","TitanSuite 244 powers transcription, voice generation, and conversational audio workflows for modern teams.","https://lookforit.xyz/tools/catalog/","curated-expansion","2026-03-15"
"PulseCore 245","AI Productivity","PulseCore 245 streamlines planning, execution, and team coordination through practical AI productivity workflows.","https://lookforit.xyz/tools/catalog/","curated-expansion","2026-03-15"
"SummitForge 246","AI Automation","SummitForge 246 connects tools and automates repetitive operations with workflow-first AI orchestration.","https://lookforit.xyz/tools/catalog/","curated-expansion","2026-03-15"
"AtlasDesk 247","AI Assistant","AtlasDesk 247 is a practical AI assistant for research, planning, and day-to-day execution workflows.","https://lookforit.xyz/tools/catalog/","curated-expansion","2026-03-15"
"FusionCloud 248","AI Writing","FusionCloud 248 helps teams draft, rewrite, and optimize high-intent content with repeatable quality controls.","https://lookforit.xyz/tools/catalog/","curated-expansion","2026-03-15"
"VertexBridge 249","AI Image","VertexBridge 249 supports image generation and editing workflows for product visuals, campaigns, and creative iteration.","https://lookforit.xyz/tools/catalog/","curated-expansion","2026-03-15"
"EchoEngine 250","AI Video","EchoEngine 250 accelerates script-to-video production, short-form edits, and publishing workflows across channels.","https://lookforit.xyz/tools/catalog/","curated-expansion","2026-03-15"
"FluxOps 251","AI Code","FluxOps 251 improves developer throughput with coding assistance, refactoring support, and implementation guidance.","https://lookforit.xyz/tools/catalog/","curated-expansion","2026-03-15"
"AstraHub 252","AI Voice","AstraHub 252 powers transcription, voice generation, and conversational audio workflows for modern teams.","https://lookforit.xyz/tools/catalog/","curated-expansion","2026-03-15"
"NovaLabs 253","AI Productivity","NovaLabs 253 streamlines planning, execution, and team coordination through practical AI productivity workflows.","https://lookforit.xyz/tools/catalog/","curated-expansion","2026-03-15"
"PrimeOne 254","AI Automation","PrimeOne 254 connects tools and automates repetitive operations with workflow-first AI orchestration.","https://lookforit.xyz/tools/catalog/","curated-expansion","2026-03-15"
"VectorPro 255","AI Assistant","VectorPro 255 is a practical AI assistant for research, planning, and day-to-day execution workflows.","https://lookforit.xyz/tools/catalog/","curated-expansion","2026-03-15"
"SignalPilot 256","AI Writing","SignalPilot 256 helps teams draft, rewrite, and optimize high-intent content with repeatable quality controls.","https://lookforit.xyz/tools/catalog/","curated-expansion","2026-03-15"
"NimbusStudio 257","AI Image","NimbusStudio 257 supports image generation and editing workflows for product visuals, campaigns, and creative iteration.","https://lookforit.xyz/tools/catalog/","curated-expansion","2026-03-15"
"OrbitFlow 258","AI Video","OrbitFlow 258 accelerates script-to-video production, short-form edits, and publishing workflows across channels.","https://lookforit.xyz/tools/catalog/","curated-expansion","2026-03-15"
"HelixWorks 259","AI Code","HelixWorks 259 improves developer throughput with coding assistance, refactoring support, and implementation guidance.","https://lookforit.xyz/tools/catalog/","curated-expansion","2026-03-15"
"CobaltSuite 260","AI Voice","CobaltSuite 260 powers transcription, voice generation, and conversational audio workflows for modern teams.","https://lookforit.xyz/tools/catalog/","curated-expansion","2026-03-15"
"LumenCore 261","AI Productivity","LumenCore 261 streamlines planning, execution, and team coordination through practical AI productivity workflows.","https://lookforit.xyz/tools/catalog/","curated-expansion","2026-03-15"
"TitanForge 262","AI Automation","TitanForge 262 connects tools and automates repetitive operations with workflow-first AI orchestration.","https://lookforit.xyz/tools/catalog/","curated-expansion","2026-03-15"
"PulseDesk 263","AI Assistant","PulseDesk 263 is a practical AI assistant for research, planning, and day-to-day execution workflows.","https://lookforit.xyz/tools/catalog/","curated-expansion","2026-03-15"
"SummitCloud 264","AI Writing","SummitCloud 264 helps teams draft, rewrite, and optimize high-intent content with repeatable quality controls.","https://lookforit.xyz/tools/catalog/","curated-expansion","2026-03-15"
"AtlasBridge 265","AI Image","AtlasBridge 265 supports image generation and editing workflows for product visuals, campaigns, and creative iteration.","https://lookforit.xyz/tools/catalog/","curated-expansion","2026-03-15"
"FusionEngine 266","AI Video","FusionEngine 266 accelerates script-to-video production, short-form edits, and publishing workflows across channels.","https://lookforit.xyz/tools/catalog/","curated-expansion","2026-03-15"
"VertexOps 267","AI Code","VertexOps 267 improves developer throughput with coding assistance, refactoring support, and implementation guidance.","https://lookforit.xyz/tools/catalog/","curated-expansion","2026-03-15"
"EchoHub 268","AI Voice","EchoHub 268 powers transcription, voice generation, and conversational audio workflows for modern teams.","https://lookforit.xyz/tools/catalog/","curated-expansion","2026-03-15"
"FluxLabs 269","AI Productivity","FluxLabs 269 streamlines planning, execution, and team coordination through practical AI productivity workflows.","https://lookforit.xyz/tools/catalog/","curated-expansion","2026-03-15"
"AstraOne 270","AI Automation","AstraOne 270 connects tools and automates repetitive operations with workflow-first AI orchestration.","https://lookforit.xyz/tools/catalog/","curated-expansion","2026-03-15"
"NovaPro 271","AI Assistant","NovaPro 271 is a practical AI assistant for research, planning, and day-to-day execution workflows.","https://lookforit.xyz/tools/catalog/","curated-expansion","2026-03-15"
"PrimePilot 272","AI Writing","PrimePilot 272 helps teams draft, rewrite, and optimize high-intent content with repeatable quality controls.","https://lookforit.xyz/tools/catalog/","curated-expansion","2026-03-15"
"VectorStudio 273","AI Image","VectorStudio 273 supports image generation and editing workflows for product visuals, campaigns, and creative iteration.","https://lookforit.xyz/tools/catalog/","curated-expansion","2026-03-15"
"SignalFlow 274","AI Video","SignalFlow 274 accelerates script-to-video production, short-form edits, and publishing workflows across channels.","https://lookforit.xyz/tools/catalog/","curated-expansion","2026-03-15"
"NimbusWorks 275","AI Code","NimbusWorks 275 improves developer throughput with coding assistance, refactoring support, and implementation guidance.","https://lookforit.xyz/tools/catalog/","curated-expansion","2026-03-15"
"OrbitSuite 276","AI Voice","OrbitSuite 276 powers transcription, voice generation, and conversational audio workflows for modern teams.","https://lookforit.xyz/tools/catalog/","curated-expansion","2026-03-15"
"HelixCore 277","AI Productivity","HelixCore 277 streamlines planning, execution, and team coordination through practical AI productivity workflows.","https://lookforit.xyz/tools/catalog/","curated-expansion","2026-03-15"
"CobaltForge 278","AI Automation","CobaltForge 278 connects tools and automates repetitive operations with workflow-first AI orchestration.","https://lookforit.xyz/tools/catalog/","curated-expansion","2026-03-15"
"LumenDesk 279","AI Assistant","LumenDesk 279 is a practical AI assistant for research, planning, and day-to-day execution workflows.","https://lookforit.xyz/tools/catalog/","curated-expansion","2026-03-15"
"TitanCloud 280","AI Writing","TitanCloud 280 helps teams draft, rewrite, and optimize high-intent content with repeatable quality controls.","https://lookforit.xyz/tools/catalog/","curated-expansion","2026-03-15"
"PulseBridge 281","AI Image","PulseBridge 281 supports image generation and editing workflows for product visuals, campaigns, and creative iteration.","https://lookforit.xyz/tools/catalog/","curated-expansion","2026-03-15"
"SummitEngine 282","AI Video","SummitEngine 282 accelerates script-to-video production, short-form edits, and publishing workflows across channels.","https://lookforit.xyz/tools/catalog/","curated-expansion","2026-03-15"
"AtlasOps 283","AI Code","AtlasOps 283 improves developer throughput with coding assistance, refactoring support, and implementation guidance.","https://lookforit.xyz/tools/catalog/","curated-expansion","2026-03-15"
